{
  "total_samples": 30,
  "mean_squared_error": 1.1325000000000003,
  "root_mean_squared_error": 1.0641898326896382,
  "mean_absolute_error": 0.8683333333333335,
  "r2_score": -0.005177514792899185,
  "average_percentage_difference": 12.644239311886373,
  "exact_band_match_percent": 13.333333333333334,
  "within_half_band_percent": 60.0
}