{
  "total_samples": 10,
  "mean_squared_error": 1.4807799999999993,
  "root_mean_squared_error": 1.216873041857695,
  "mean_absolute_error": 1.0799999999999996,
  "r2_score": -0.05769999999999942,
  "average_percentage_difference": 16.77976051726051,
  "exact_band_match_percent": 0.0,
  "within_half_band_percent": 40.0
}